id,txnDate,fromMobile,toMobile,amount
1,2022/12/20,5164829485,1985871641,846
2,2022/12/23,7894427174,4147429636,2688
3,2022/10/26,2836487387,7067066438,1043
4,2023/01/19,8606813178,5138747663,2475
5,2022/06/15,2368572468,5066295442,8506
6,2022/06/07,9844899382,3066728581,5405
7,2022/06/26,9916656284,2504898207,7232
8,2022/04/07,8049190891,8103347873,5466
9,2022/10/13,1433472806,7025227435,9058
10,2022/08/13,6152920160,8443724447,8772
11,2022/11/07,4592591271,1264642021,7896
12,2022/08/02,9941609440,3139177203,5054
13,2022/09/28,4207177833,2936772246,7059
14,2023/02/19,2129358193,7464746442,358
15,2022/06/19,3482709503,7667109660,4412
16,2023/03/21,9273559581,3565571360,2763
17,2022/11/21,4362237654,4338437854,1850
18,2022/06/01,8974439094,9819918681,7471
19,2023/03/18,4387334574,2275627742,8013
20,2023/03/12,5292051940,4419944534,5990
21,2022/11/01,2505258394,4375931004,4427
22,2022/05/12,1319899519,3768695998,7303
23,2023/01/04,6763547747,3028090876,3204
24,2023/01/30,5073628281,4014210793,729
25,2023/02/25,2456668748,4565760926,918
26,2022/06/24,1607671018,4581784832,5652
27,2022/07/07,3968007241,5125051483,1402
28,2022/07/15,3624330311,3839290347,1013
29,2022/09/14,1423353811,1646602903,4329
30,2022/10/13,2341784090,8391050006,4006
31,2023/02/23,8462406761,5182801660,8034
32,2022/09/26,4577404910,8886059827,5723
33,2022/12/23,9882144180,6421591127,9734
34,2023/01/18,2541508654,5702536281,1460
35,2022/11/15,3356410235,3974894010,9632
36,2022/09/19,8619655670,2432151338,6921
37,2022/05/04,4631393731,2116469623,3985
38,2022/11/13,5079325409,7347976437,4776
39,2023/03/20,1844396322,2592851741,5533
40,2022/08/13,7249501426,1184227481,3187
41,2023/02/02,1834450771,5902009932,8421
42,2022/04/04,6495122449,1913354936,994
43,2022/11/21,8992351009,6354301612,9575
44,2022/10/29,9644230086,4133324662,8549
45,2022/07/19,9361301987,1287159698,8473
46,2022/06/05,9083044940,8858200184,2436
47,2023/03/03,5779874365,4895997614,5817
48,2022/07/20,1793134495,8824682707,4371
49,2022/05/01,6524329074,2216755396,4326
50,2023/01/04,7799074561,8328872595,8904
51,2022/12/08,3904219693,7888464740,1842
52,2022/10/05,4461927681,6093712132,8151
53,2022/12/13,2812699930,2724021391,3715
54,2022/07/12,2784035369,2333931807,4566
55,2022/07/16,5094146453,3812806718,9725
56,2022/10/29,2157072913,3636659041,4612
57,2022/08/07,8204758068,2356390986,8346
58,2023/02/15,7167396690,7035803147,5822
59,2022/11/08,3476692709,2477562058,3419
60,2023/02/15,3856374184,6971409835,4897
61,2022/07/29,9151817637,5372667470,912
62,2022/09/15,4377362027,3065375736,4335
63,2022/10/14,4579429305,3209390811,3417
64,2023/02/05,2306197042,8473726022,4324
65,2023/02/13,9365690502,1518664320,8088
66,2022/07/22,4598887361,6666866729,5984
67,2022/07/05,5702903834,2363321374,2562
68,2022/05/08,9344000547,9696802473,2734
69,2022/09/16,6356303349,8045646710,6868
70,2022/05/15,6971903045,3686381549,4870
71,2022/12/04,4551114326,7011533383,4217
72,2023/03/11,1556724861,5176039130,7512
73,2022/07/21,7879834092,1833494544,2297
74,2022/07/22,8136218442,6816866875,7215
75,2022/07/21,3394975567,9455678352,2108
76,2022/09/01,3047363612,8968951401,1415
77,2022/05/25,4525332622,6662474283,3517
78,2022/11/17,7784943527,6189542147,3601
79,2022/08/09,6509367637,4072643727,540
80,2022/04/20,7555613909,5631222231,3459
81,2022/05/30,9744107368,6135394715,6604
82,2023/01/18,3986937244,5311892872,1491
83,2023/02/18,8547940410,3926256928,7472
84,2023/01/28,2106841854,5346293124,4507
85,2023/01/01,1774799163,3073025899,9220
86,2022/10/31,8124318971,2089102876,3752
87,2023/03/17,9557851628,8973753368,875
88,2022/11/26,2549402136,3385537921,1974
89,2022/10/15,6814118161,2112530181,3447
90,2023/02/07,3529720780,1756015097,6452
91,2022/04/21,7779435374,8917200919,9724
92,2022/11/18,4572291016,6199324008,6729
93,2022/12/11,3086474734,2171236046,4886
94,2022/10/07,6026391940,1616887579,6300
95,2022/10/31,8997550299,8699069887,5746
96,2022/10/04,8493344256,2463533151,8902
97,2023/01/20,6058458756,8731368753,1253
98,2022/09/25,9016285060,3844096826,6071
99,2022/11/30,1243156396,5619342400,2546
100,2022/09/06,9578741744,2931449294,6503
101,2022/08/31,5184458751,4881363248,6562
102,2022/05/19,7183239315,4732154970,1926
103,2022/11/13,4691698331,5381835952,8778
104,2022/09/17,6786932112,4425263054,4558
105,2022/07/14,3009201127,5244712213,4331
106,2022/09/07,1848590452,7112519962,5226
107,2023/02/25,3505773785,6613137481,6810
108,2022/06/20,5615485875,1257546338,5847
109,2023/03/23,5498439829,9854531255,8659
110,2022/06/02,7629485119,3731316661,4582
111,2022/10/27,3047381889,6205431087,1390
112,2023/01/20,6758014258,4366179882,2131
113,2022/08/23,7191747551,8062098321,6637
114,2022/04/13,4256383436,8166747839,1575
115,2022/04/25,1769974932,9159986502,769
116,2022/08/16,5722731350,7378685143,8397
117,2023/02/07,3426634573,5158131667,2828
118,2023/03/03,9863580257,2563418915,3691
119,2022/11/07,4724411564,3729214298,1298
120,2022/10/21,7714913672,6227065675,9160
121,2023/01/18,7966420429,7952322803,1008
122,2023/03/05,2995425051,9175778844,7329
123,2023/03/12,1167151979,2156259199,5591
124,2022/04/18,8809260563,9563314715,8846
125,2022/09/22,5997296434,5416910399,5137
126,2023/02/25,5888339989,8981290518,6795
127,2022/04/19,3496870086,4752166619,1182
128,2022/05/10,7568334902,8133718200,2290
129,2022/08/16,1733757745,7891488888,5157
130,2022/04/21,2043728568,8222046310,1386
131,2022/12/26,4349383726,9426545125,4167
132,2023/01/25,8436102747,2061544436,2492
133,2022/11/23,7944811512,2115554938,8496
134,2022/09/03,4027574356,3415265586,5012
135,2022/09/07,5053667513,9895213030,4740
136,2022/07/11,2772151337,5041579888,195
137,2022/12/16,4548572875,8894255430,7936
138,2022/12/12,5077445925,8808982896,6361
139,2022/04/07,9351399559,9045321261,2511
140,2022/05/02,3508799615,7683756040,7868
141,2023/02/03,7111860955,7803186740,1936
142,2023/02/04,5161487080,8292826323,6606
143,2022/06/02,1863950075,1054932717,8125
144,2022/11/07,1902188992,1601737224,5930
145,2022/07/10,1886708548,4338995953,1385
146,2022/10/23,2045139554,9095215630,3987
147,2023/03/02,6642677466,3014231482,1853
148,2022/12/16,7802413307,1053938694,6129
149,2022/07/17,3871573449,4758001882,1021
150,2022/04/10,7022863033,8572537003,858
151,2023/02/13,5557914424,2176320620,2724
152,2022/04/29,1763430536,9785895108,2972
153,2022/11/08,5166471282,6651060147,4191
154,2022/09/20,7307792501,1009342379,7613
155,2023/03/07,6825300525,7867944597,9262
156,2022/04/25,3777610705,6156677093,892
157,2023/02/20,3673231414,2513318543,9584
158,2023/01/11,6211489752,3268114854,8934
159,2022/05/02,1662806183,4265911369,474
160,2023/02/21,4519498566,8572509758,6330
161,2022/07/10,8927496910,4143925022,4119
162,2023/02/07,3617196412,9559227173,708
163,2022/04/07,8323117808,7483940108,5987
164,2022/07/01,7659321513,9819311172,8107
165,2022/07/04,1987873509,5532462284,9312
166,2022/03/28,7993506891,2004358780,5665
167,2022/05/17,6317094457,9651647671,2485
168,2022/12/31,7999831295,6747065308,7376
169,2023/02/22,7144870790,9891169689,6458
170,2022/11/15,3654674640,9563072546,3229
171,2022/10/02,2775858476,6279005080,5561
172,2022/04/25,4754217761,3397314831,5742
173,2022/08/12,2305539817,6252938725,5357
174,2022/09/02,6192605630,1691066112,8582
175,2023/01/16,4522138623,3655059364,6029
176,2022/05/04,4517812641,7521609304,8045
177,2023/03/12,2947450525,4153919179,7982
178,2022/09/24,5771813373,9374228370,9868
179,2022/11/07,8671114827,9832588486,1519
180,2023/03/08,9375930566,1163324409,4053
181,2023/01/14,7819080238,8238434627,9948
182,2022/04/25,6119678280,7426741164,4184
183,2022/05/22,6813115053,5787567942,1566
184,2022/05/11,6762806019,2884368410,5510
185,2022/07/18,3332755541,8772937670,5829
186,2022/04/17,8758397329,3401054351,5155
187,2023/02/22,3349795288,8677669013,4648
188,2023/01/05,5052528452,2069062773,7051
189,2022/08/10,2406991901,4126399155,2654
190,2022/04/21,8513203407,7532611003,8681
191,2022/11/07,1271451608,2092197201,514
192,2022/10/04,2447907746,5802305448,2719
193,2023/02/19,9302755844,8321567709,1922
194,2022/09/02,8371044285,6618692289,7377
195,2022/12/09,9201742407,9859401184,893
196,2022/10/29,4228730240,8434182231,3003
197,2023/03/05,4183886848,9119001866,459
198,2022/11/27,6686885717,9766860353,1752
199,2022/07/09,2467237114,4537425245,9583
200,2022/09/16,3779921621,9946037668,6570
201,2022/07/16,7292598305,1857185868,8687
202,2022/11/19,3448618043,3694511942,2369
203,2022/05/26,6853740870,4353864011,5029
204,2022/05/10,7622880964,2985621957,7141
205,2023/03/08,2036358092,4023848311,5899
206,2022/07/12,4109725279,9899812184,4121
207,2022/08/27,8165186622,9945323962,7412
208,2022/10/15,1103597205,5859475424,753
209,2022/12/31,9602113235,8938480407,1327
210,2022/06/30,7409724123,9636829380,5405
211,2022/06/09,5445548235,8046556313,528
212,2022/04/18,4877151547,9853782920,9315
213,2022/10/28,1499925859,6769421056,6764
214,2023/01/16,8362840538,8936699269,2369
215,2022/07/31,8949329420,5196301978,7580
216,2022/06/12,8735115978,3684807177,9812
217,2022/03/24,1878717866,1698169898,8826
218,2022/07/06,3977830608,5825670198,6692
219,2023/01/16,3164034319,3997046959,5034
220,2022/11/12,9661901840,7618486828,2642
221,2023/01/20,8142731813,6073112734,5030
222,2023/03/03,4184020296,3059226281,6872
223,2022/04/17,2625085198,4127622405,4739
224,2022/07/02,6146842251,9327169026,4068
225,2023/03/03,7052957593,8876926515,9937
226,2022/12/04,2448384233,4053120969,3626
227,2022/12/22,3747346008,9388941407,2402
228,2022/09/17,9263738235,3606626534,1615
229,2022/07/17,4712308453,9715633194,268
230,2023/02/07,7809811191,9397370130,3147
231,2022/05/05,6677641266,5153160906,934
232,2022/10/04,5113551621,9144797008,5936
233,2022/03/26,4796366859,8133250158,1684
234,2022/10/01,1061260766,2084153910,76
235,2023/02/22,8316949960,8008759100,4016
236,2022/10/29,9515789093,4406318365,5086
237,2022/07/18,7017206376,6158900765,3945
238,2023/03/13,1151330481,1441889148,1905
239,2022/06/18,7791757511,8052070158,1206
240,2022/07/30,8972845879,4328515392,4352
241,2022/07/14,1003797295,7749484886,1374
242,2023/03/01,8286820966,3088569126,2139
243,2022/11/07,1113999148,6329246003,9432
244,2023/01/02,9294063014,5234284065,8434
245,2022/09/26,2537972791,1503054497,9875
246,2022/11/15,9028539696,1075042793,8264
247,2022/08/25,7646161298,9008977000,6140
248,2022/08/11,2825632146,1963944754,1443
249,2022/12/13,6849259621,4226204447,1249
250,2022/10/15,9417229889,4059228375,2006
251,2022/08/15,8021257474,3937993918,9997
252,2022/12/04,9401604259,2248573561,1799
253,2022/04/10,9962683008,3476194925,1403
254,2022/04/29,3655227227,6087282457,2727
255,2023/01/07,8969200886,4473676501,8848
256,2022/11/19,2185531812,1745595534,8159
257,2023/03/04,9532737054,2502001048,4398
258,2022/12/05,5385984170,6242940511,2498
259,2022/09/09,5153203219,9537614657,4654
260,2023/01/20,6979786118,3101763917,9363
261,2022/12/12,2472391515,6753576569,6993
262,2022/09/12,1771184105,5889346966,7272
263,2022/05/02,9247028951,9267666179,8476
264,2022/05/14,8732661687,1858320891,6094
265,2023/01/26,4851220825,3642883857,342
266,2022/08/02,1536611897,8155527997,3915
267,2022/07/07,6916455694,5016025044,9380
268,2022/07/15,4125436722,5038262554,6392
269,2022/07/11,7188399189,6937113893,749
270,2022/10/01,5077428892,3955085969,6248
271,2023/03/02,6294577437,8638155486,8395
272,2022/08/15,2146736661,7194587498,2851
273,2022/03/24,7027134133,9424547883,1547
274,2022/10/29,1423451911,3758972869,2912
275,2022/11/25,5446075311,1717623100,5382
276,2022/04/28,1068639342,6636609298,2481
277,2022/06/06,7908538952,6228710026,2986
278,2022/05/08,4454990925,3618140640,7714
279,2022/11/09,3907929067,1783229783,4946
280,2023/01/03,3959246476,7076284195,6930
281,2022/12/25,7853008950,4461569891,2048
282,2022/07/05,7861613681,9941391710,7728
283,2022/07/26,9156168571,4024085862,2460
284,2022/05/08,1964642865,9464785982,5460
285,2022/06/02,3578204004,4537214425,5972
286,2022/12/15,2689113387,2877938567,4355
287,2022/07/10,2422820228,5607223787,6119
288,2022/04/14,7026851301,3603010457,7232
289,2022/11/30,4313900974,7654660977,549
290,2022/05/21,2035911817,5005143704,8140
291,2023/01/28,2661704105,7915285125,8010
292,2022/10/09,6833718235,8684149863,2210
293,2022/06/30,1987929060,8921326934,4380
294,2022/06/30,5668770300,7075315949,8782
295,2022/10/04,4243945965,1152498892,5406
296,2022/11/06,5501943255,8963784504,6078
297,2022/11/19,1323497636,1287304086,9552
298,2023/02/26,3144492354,9436306360,8972
299,2022/04/09,3192158538,4527139829,5349
300,2022/11/16,9107416485,1533141799,5296
301,2022/12/26,3784884845,9737154507,682
302,2022/11/14,5985230008,4024438651,5172
303,2022/05/18,1777507240,9958420199,2577
304,2022/07/06,4871373929,2323808240,4713
305,2022/05/02,8547325319,3109700914,1571
306,2023/02/04,5919000690,4281067070,899
307,2022/09/30,7919334696,9472148519,4835
308,2022/12/06,7811566169,6842223948,3352
309,2022/04/08,5856270212,4978809795,3675
310,2022/08/22,2683966010,2939803808,3420
311,2022/09/17,8063870649,6346217993,7215
312,2022/10/05,5081411254,8539536348,5932
313,2022/12/17,9285499101,3015919411,5650
314,2023/02/05,2022490636,7542464906,2085
315,2022/06/02,5676412738,1622026040,899
316,2022/12/22,9345986925,5861777188,2787
317,2022/07/29,5307315587,3439407619,6654
318,2022/07/30,7631635379,7458032745,8125
319,2023/02/07,8658706508,8723512900,5892
320,2022/06/24,8328188258,5793384738,9276
321,2022/10/12,2178906695,9921751096,3633
322,2022/03/24,1774001083,8155555648,7583
323,2023/02/15,6115122713,4146343974,3741
324,2022/08/28,8665167961,6833305422,1669
325,2023/02/12,4423305895,1099729985,1378
326,2022/05/10,1661470710,3999117914,1074
327,2022/12/11,6618746844,8664984481,9224
328,2022/07/24,9543419309,6288407357,8486
329,2022/08/10,4651579437,3899492927,1038
330,2022/07/18,4529706438,7854226713,449
331,2022/12/02,7128782099,7174725079,3414
332,2022/08/04,8258698937,2085248545,7243
333,2022/08/23,2128134022,3941652426,1242
334,2022/11/07,7522645706,3532808438,2041
335,2022/08/23,5393331467,6814038582,2073
336,2022/07/06,2809573003,3695146217,9397
337,2022/03/28,8396895461,9565691183,3726
338,2023/03/05,2659251453,9639542389,8925
339,2022/07/14,9107590299,3755230990,175
340,2023/01/19,2348898636,3417124748,6563
341,2023/01/03,9235761547,7819078162,1578
342,2022/06/17,7281470495,2165203217,9544
343,2022/11/28,8445722226,5174795994,2786
344,2022/10/31,7385266702,1697402849,9839
345,2023/01/24,6082974087,5472034814,6828
346,2022/07/10,2144352862,4794131404,5065
347,2022/10/12,3837103380,5225923509,932
348,2022/04/18,1847697193,7349884666,1065
349,2022/08/19,6671868005,3393842968,5930
350,2022/05/06,4333903104,6125564601,8913
351,2022/07/23,5703035558,5279684927,5710
352,2022/05/24,9528840139,6785226673,792
353,2022/06/15,6012124612,9323609903,2329
354,2022/05/26,5947661568,1034014235,4470
355,2022/06/01,1536162605,7765501010,7952
356,2022/07/15,6246841128,1553849235,6846
357,2023/03/08,5255409422,7958851840,2936
358,2023/01/21,8623560449,3951565287,4229
359,2022/04/16,3126896791,2003521809,5613
360,2022/05/15,6864759237,1232166779,2577
361,2023/03/19,4246194596,1619180997,7189
362,2022/11/30,6578459805,4201641645,3876
363,2023/03/11,8552105239,4787328544,1320
364,2022/05/26,8647841133,9161591572,6175
365,2022/07/12,5334918293,9788561449,2667
366,2022/12/27,6162421793,5399685252,9879
367,2022/07/08,8667474192,6425918404,7657
368,2022/06/03,5636595027,1163446195,9504
369,2022/12/13,4455631075,6124707304,6269
370,2022/08/15,2339520421,9734555813,7370
371,2022/05/14,7144049242,5496586207,1457
372,2022/05/30,5695698056,8124434789,3248
373,2022/04/02,8596610371,4018712715,2440
374,2022/08/20,8955700167,8221173826,5050
375,2022/08/29,3923812579,6367015693,8132
376,2022/04/21,3635797377,7535828545,1065
377,2022/06/08,5715027281,4307978390,8254
378,2022/10/23,4998142387,1015912701,6601
379,2023/02/25,7039068000,4158647911,2219
380,2022/03/29,6259366153,3068214810,794
381,2022/06/05,7066565850,3304292870,2818
382,2022/07/07,4466918872,4625225584,4006
383,2022/10/25,2341008197,3049505757,8347
384,2022/12/26,9051054073,4068684039,5671
385,2022/07/01,4695273544,1506466850,8695
386,2022/09/27,3023144560,6533076014,1906
387,2022/04/03,9683459121,9573246963,8005
388,2022/12/10,1327743483,9151955181,9745
389,2022/09/11,5186218444,4003029127,223
390,2023/01/07,7274171613,6375947166,6307
391,2022/10/06,9905528825,6099135154,7548
392,2022/08/29,3063656623,7824155537,6112
393,2023/01/03,9418774407,5078572911,177
394,2022/11/06,5028795182,1644547753,1268
395,2023/03/08,5202160604,3064323390,7164
396,2022/03/29,6081324367,1995773602,4849
397,2022/11/07,7225775623,2843541462,6867
398,2022/09/09,9878225010,7573149288,1953
399,2022/12/23,8983938318,1891029017,3329
400,2023/02/04,7884585915,6773430845,780
401,2022/11/17,2383757103,6115632264,7190
402,2022/10/30,7011765885,5162537285,2470
403,2022/11/08,2193390805,4527108696,5304
404,2023/02/05,1212777936,6245114138,4052
405,2022/07/31,1892145505,4644998335,2733
406,2022/03/25,5568217336,3784746784,8760
407,2022/11/10,9869118462,8074573282,7061
408,2022/05/09,9269570866,8693282638,3461
409,2022/12/30,7047886845,2668995989,8795
410,2022/05/03,1365045801,3346194753,186
411,2022/07/08,6045331473,2922123225,5524
412,2022/07/30,3121719767,7043037901,8751
413,2022/04/04,3787023207,8017546843,7442
414,2023/03/18,1032538633,1977996525,539
415,2022/08/04,9175470435,3236378262,1480
416,2022/10/24,5509372601,8231554204,5829
417,2022/09/11,9763110896,1199069577,3307
418,2022/05/05,3995259490,6503368852,2958
419,2022/04/19,1304822771,5395620526,1325
420,2022/09/04,7745886867,7036774101,2462
421,2022/09/19,5459739688,3212041203,2753
422,2023/01/26,3514462386,5543376028,6738
423,2022/06/24,5467452773,3008919610,8342
424,2022/08/25,8778637674,4339729153,1260
425,2023/02/28,4309476960,5107589139,7703
426,2022/03/31,1642358355,6472046863,6537
427,2022/07/02,1005965353,5248085222,1606
428,2022/05/30,4745518408,4363728994,8683
429,2023/03/14,9559434257,3583429768,8605
430,2022/06/17,3385967173,2968742264,7556
431,2023/01/18,5838669992,6528442122,105
432,2023/03/20,7184315321,5345472904,8088
433,2022/05/31,8298616573,5407088709,6407
434,2023/01/20,9647631839,5842804142,1824
435,2022/04/06,5134125774,5862117132,8164
436,2022/12/27,8862129748,9249295616,9501
437,2022/07/29,5284497311,5187791558,4279
438,2022/09/05,6547424010,8946547973,84
439,2022/12/10,4429778782,4561901360,3944
440,2022/03/25,3751707064,4099250454,4986
441,2022/07/04,6759808295,3791949563,5394
442,2022/12/03,9502283308,2174191055,1395
443,2022/09/22,5864713886,9122482396,4859
444,2022/06/01,9809656375,1604686516,3003
445,2023/02/11,2748632100,9722886430,2355
446,2022/07/06,1836905610,7156296867,5022
447,2022/08/22,4685902327,4018543805,4063
448,2023/02/23,7518031493,3373522859,3894
449,2022/06/27,9107005616,7025115269,5587
450,2022/08/02,2079131363,6697784916,7582
451,2023/03/16,5916801360,9014804600,5252
452,2023/01/30,3004822778,4393440095,9261
453,2023/03/20,4699312977,6237597692,9143
454,2023/02/03,4073009780,4097087029,6451
455,2022/07/17,8313465258,7788221525,8146
456,2022/07/25,9189860487,8098675426,8358
457,2022/07/11,5828270945,9617393100,5878
458,2022/04/07,4344667706,6848909743,3844
459,2022/05/09,6651829843,8417365777,5408
460,2022/09/01,6091827098,5823444684,560
461,2023/03/23,4602022481,3862052311,3617
462,2023/01/31,3178349926,8899767571,3742
463,2022/04/24,7702303135,4003982461,7923
464,2022/11/03,2905817574,8104020150,8412
465,2022/11/29,2362334374,7616263185,87
466,2022/07/04,7167639660,9109635912,406
467,2022/07/14,7093995260,5756643512,1305
468,2022/10/02,7489514057,1356946848,9436
469,2022/03/27,4152248466,7412446919,1381
470,2022/12/22,6104705745,8005930286,1709
471,2022/06/24,5386131978,2525971182,4311
472,2022/07/22,2877518462,4767163435,1615
473,2022/06/06,4353521550,3652619571,3424
474,2022/11/13,4548905883,5892640852,4737
475,2022/04/04,6944500470,5221096452,2047
476,2022/08/26,1112868675,9641889749,5197
477,2023/02/09,7661118035,7906740573,3371
478,2022/05/13,4614900041,1225092516,470
479,2022/08/29,5261915268,1669576676,4745
480,2022/07/16,8646293549,2001324031,9372
481,2022/12/11,9368529449,3895476557,6771
482,2023/01/23,5714627980,8903671452,2780
483,2022/04/26,3614073183,8723743939,9293
484,2022/08/29,1437649806,9466957644,42
485,2022/04/16,9606716322,3162292565,8004
486,2022/07/29,3702623319,8712985340,2260
487,2023/02/25,7478861061,9999589517,7445
488,2022/10/16,7106697301,1897483005,8794
489,2023/01/14,5187060228,2686324588,2005
490,2023/01/31,3506579651,7617673445,888
491,2023/01/22,7383899961,9686467898,6885
492,2022/10/27,9587066640,4298365283,4394
493,2023/01/28,9427856928,3242901396,9384
494,2022/08/19,8353488163,1969436460,1885
495,2023/02/11,1259809843,1741281915,5784
496,2022/04/05,6065919502,1074227083,4762
497,2022/12/26,8085484149,7996108676,1824
498,2022/12/15,7061804205,7661954062,9280
499,2022/08/07,6329026102,5445362381,7539
500,2022/07/28,7682013101,4577266295,7870
501,2022/09/21,3798962095,6197654008,4731
502,2022/05/02,3399079310,6943366858,319
503,2023/02/04,2571271982,9584693160,1695
504,2022/11/27,1591437884,6903916502,5923
505,2022/06/20,6501403120,9482514036,3488
506,2022/04/17,6539056114,2233533209,6031
507,2023/01/30,7304000548,6875065454,2304
508,2022/11/16,5877545870,9206809675,4738
509,2022/09/05,5826763947,9158177774,526
510,2022/04/21,8895069022,4431902624,7899
511,2023/03/08,2205139322,6989576684,5171
512,2022/09/24,7855096340,7601238415,255
513,2022/07/09,9512284119,4229920957,5224
514,2022/07/21,9015352371,2494163157,4089
515,2022/12/14,1639300422,7471315658,5954
516,2022/04/20,6519404901,3738158226,9851
517,2022/09/25,8618032894,6509928664,9174
518,2022/12/17,3945420689,5411295896,611
519,2022/04/12,1921340711,1554182135,6331
520,2022/04/02,2715005116,4899647798,3779
521,2022/11/21,9232939605,5206269564,9148
522,2022/10/15,4149213457,8487804187,4816
523,2023/02/20,8377423252,4811680443,83
524,2022/10/01,6718357575,2892681647,9594
525,2022/05/12,4654715406,3702670773,1145
526,2022/08/15,2759259868,1215433844,8488
527,2022/09/08,3776454550,5429342495,4614
528,2023/02/08,6515984327,3724015946,4049
529,2022/04/12,5298894641,4224152451,3843
530,2022/05/14,8722008159,1085948472,3989
531,2022/04/08,9129946001,5325044519,8538
532,2023/02/21,7967002845,4073894551,4702
533,2023/01/24,2866170753,2076320019,8091
534,2022/12/31,3011924910,3797993645,6431
535,2022/09/17,1231878728,7879061568,8356
536,2022/11/11,5798229661,1702267322,5928
537,2022/07/28,6346525749,1593662386,7431
538,2022/05/28,2993800180,8058535172,6419
539,2022/07/10,9673014746,3482694669,5647
540,2023/01/07,4661197800,5768968832,337
541,2022/12/18,1791837481,2456738239,754
542,2022/11/13,5685888239,3527824856,9788
543,2022/08/26,4171532208,5391447390,87
544,2022/06/16,5957997675,1823855383,2446
545,2022/04/20,9924029104,5407456206,7846
546,2022/12/09,7292704290,2121648401,1521
547,2023/03/08,8788138711,7451241120,890
548,2022/07/06,5029093880,7268988736,5863
549,2022/10/19,9904872744,6803724344,5759
550,2023/03/17,7743965941,7424365023,3781
551,2023/01/03,3629448823,8537029995,8395
552,2022/11/12,2721463243,7701672889,8036
553,2023/01/06,4973747152,8184473174,5923
554,2023/01/09,5573834680,2672779803,7463
555,2022/09/09,6322287796,6089916695,1457
556,2023/01/25,5097752718,5509184337,8463
557,2022/12/30,9469627911,1519359350,9414
558,2022/09/30,1347995396,6453691955,6080
559,2022/07/20,6273785764,7186958034,103
560,2022/06/30,5929582697,5271272486,4371
561,2022/10/26,6084545742,3964915711,1974
562,2023/02/13,3091003147,8962219573,6305
563,2022/11/09,9786088587,2034350219,6403
564,2023/02/01,9288379330,6935730920,7019
565,2023/02/01,3831485739,8479712761,4868
566,2022/09/25,2553278931,7716949915,744
567,2022/11/04,5543904865,6609898542,8678
568,2023/02/25,2633087729,2767977961,705
569,2022/12/05,4063676823,3578116947,4620
570,2022/11/08,5997081484,7189401290,6272
571,2022/11/16,2275300922,8599026269,7117
572,2022/05/16,4283498344,5408685229,5785
573,2023/02/23,1875608454,3649147863,1957
574,2022/06/13,3463347316,1848521223,2995
575,2022/06/21,5559070691,8434923981,1624
576,2022/06/18,1805355327,3045508706,6199
577,2022/12/27,5047169107,1986524929,5769
578,2022/07/12,2765696086,7787392174,6046
579,2022/04/29,7697043267,9509121066,5211
580,2023/03/12,5262991709,2764750617,1509
581,2023/02/28,2948017606,6139954926,2657
582,2022/05/16,4589741977,9275260129,3896
583,2022/11/01,2181776243,9485249522,7109
584,2023/02/14,7886210065,1367117398,6595
585,2022/06/24,1563530893,3348846067,6264
586,2023/02/12,4344979495,4419031361,4822
587,2022/04/10,8203403259,9157918064,1299
588,2022/12/05,9976286467,6916924103,9745
589,2022/09/10,2322807539,2079821272,3203
590,2022/11/17,4965343505,2427194580,6706
591,2023/01/01,4145137746,2734018754,4155
592,2022/08/28,4775294690,4781408136,5650
593,2023/03/21,7417811192,7892530727,8455
594,2022/11/10,6292828024,4852547929,6108
595,2022/06/02,7559191893,1751176464,1258
596,2022/05/04,7467458853,2836141595,1858
597,2022/04/30,5656385860,8881979057,2541
598,2023/01/18,2175658539,3207177111,7789
599,2022/10/21,4514462226,6873503974,706
600,2022/07/12,3906330099,2512296314,8262
601,2022/07/02,3034336168,7055204668,5503
602,2022/11/11,3291472041,9081031311,2145
603,2022/04/30,2079014813,9495647672,8006
604,2022/10/26,7834668866,4607981243,9223
605,2022/11/19,5941640289,5372146756,836
606,2022/08/09,2129886381,4863938867,5400
607,2022/04/26,4579897360,5121716523,7966
608,2022/11/17,4123068608,8909051521,9951
609,2022/05/30,2252242069,5567716551,7708
610,2022/10/18,9103163774,4048976038,4486
611,2022/11/18,6583708718,2088749472,4290
612,2022/11/02,1722540183,5378089983,2418
613,2022/08/17,9936933547,5986320368,2057
614,2022/10/22,7557962657,3758142252,5884
615,2022/11/01,7923218058,4304969244,7611
616,2022/05/20,6022456420,2318539591,3617
617,2023/01/22,3887687273,5242251378,2251
618,2022/12/27,6081130214,1576604884,2399
619,2023/02/16,6656875299,5437152146,400
620,2022/10/06,6873004128,9519372071,3177
621,2022/05/06,1853370875,8207288182,4680
622,2022/04/10,3707707308,5683319076,168
623,2022/09/17,6061293465,9774607593,9733
624,2023/02/11,8083528514,2467312081,7507
625,2022/08/23,4654327782,6102776682,2546
626,2022/12/03,4448713715,9193297064,5394
627,2022/09/20,5456768232,6495208530,2802
628,2022/08/08,7811227701,1632442758,3153
629,2023/02/03,5771547532,7844638319,3149
630,2022/12/17,8551383106,8492190683,6275
631,2022/04/25,8041614453,9375532000,497
632,2023/03/09,3899522894,4031677804,7881
633,2022/11/12,4769083670,4828756913,7279
634,2022/12/08,4676388410,5998098378,7546
635,2022/06/23,5971385186,4633015480,5578
636,2022/10/20,5901933751,6398959472,3630
637,2023/03/23,6226525658,6952991857,9312
638,2023/01/17,1677087283,7949697942,2949
639,2022/12/19,4898750199,5363715532,7226
640,2022/10/02,7259064646,3301018323,6576
641,2022/07/19,1582353662,9226235824,6714
642,2022/07/06,3498442016,5894575488,4779
643,2022/09/06,8896773049,2587779546,4840
644,2023/03/06,8159294989,2853611378,3549
645,2023/02/03,8081045429,6186319884,1224
646,2022/08/08,3195584203,8521311734,4331
647,2022/07/30,8972751662,2289379896,196
648,2022/04/26,2205800359,9579106347,9963
649,2022/03/24,8075738720,4691030057,1097
650,2022/06/12,9475292112,4435697388,4494
651,2022/12/12,4143049005,9627572537,4452
652,2022/05/15,7637998374,6014980852,6275
653,2022/12/04,9117724949,4276797671,2794
654,2022/06/24,1035749798,2591624526,6995
655,2023/01/31,4738571388,4792847411,1134
656,2022/10/11,8939260788,3577464736,7301
657,2022/11/03,6402580632,1176397993,7560
658,2022/10/20,4948724479,1146561295,8030
659,2022/12/15,3671819397,6642702251,708
660,2022/12/23,4642474685,9372894697,7377
661,2022/07/17,6424336102,8203149242,1745
662,2022/03/31,9689564878,5141143110,5045
663,2022/07/29,2124859059,3934286724,9045
664,2022/09/06,3457441480,7089010312,6014
665,2022/12/13,5887536064,5522093549,8099
666,2022/07/14,1651644978,7034548326,8820
667,2022/04/18,8845969411,5716573174,4587
668,2023/03/11,1914129124,7109269399,1044
669,2022/06/09,2097379924,3434421027,5518
670,2022/11/12,9868436572,5935157427,4420
671,2022/07/20,1384122023,4705913285,1139
672,2022/11/28,4189731255,4025810670,5773
673,2023/01/29,8479230818,7019875823,883
674,2022/05/19,5701144076,4218922151,6713
675,2022/05/24,8274000455,9183035156,4689
676,2022/06/28,2962838840,8913187402,7390
677,2022/11/04,8995217734,4194872266,2069
678,2022/12/02,4865765970,9718778097,6716
679,2022/11/27,6055262547,8998740060,360
680,2023/03/14,2543082236,6193574255,826
681,2022/05/15,1342009748,8478199929,5868
682,2022/05/09,1481471556,5096966295,1054
683,2022/11/12,2426532606,6259716297,6757
684,2022/07/26,3353595428,3267146482,2851
685,2022/10/08,8105526108,2517484293,7984
686,2022/06/23,9129907675,3515774183,7299
687,2022/08/29,8894501884,7083090589,6815
688,2023/02/03,8813330357,4989844343,8286
689,2022/03/28,1358217882,2563832438,9577
690,2023/02/13,4723430239,8397998306,818
691,2022/04/17,2305151824,3819071900,1576
692,2023/03/14,2562143708,2871792184,4357
693,2023/03/11,5117113453,9379783209,9179
694,2023/02/19,9203206266,4968880098,9086
695,2022/11/06,7669068197,7162134868,4080
696,2023/02/13,6951951147,8868306151,6851
697,2022/06/30,7822560220,5049750745,6484
698,2023/01/13,7534099204,8208476266,6263
699,2022/11/08,6943696622,2026575797,4279
700,2022/10/17,9252178789,6639187539,4714
701,2022/09/01,3217986562,5919867319,2248
702,2022/10/16,8469048635,2567550987,2812
703,2022/08/31,1812876154,1833690062,8598
704,2022/07/03,1656279843,4105072428,5898
705,2022/10/03,2645235623,1519021195,2689
706,2022/08/28,6853147584,9345930807,695
707,2022/08/20,5869121642,9499565015,5487
708,2022/10/09,2779570257,7912401637,6607
709,2022/06/22,4213581469,7327213742,5490
710,2023/01/21,5843015359,4341369104,8589
711,2023/03/02,6345754403,1014046094,860
712,2022/10/19,1617653392,1359705654,4002
713,2022/10/26,2858425572,5167133134,2921
714,2022/06/22,3341104892,5589377338,8685
715,2022/04/25,9002728337,2537930210,2974
716,2023/03/21,7586621464,8998641972,7938
717,2022/10/12,2225722946,7356762556,2800
718,2022/09/07,3635323807,9633445208,9458
719,2023/01/13,3874568774,2571496728,6240
720,2022/04/13,6404779323,2479382064,3144
721,2022/08/05,6401988768,6963611451,24
722,2023/03/02,7787616846,1845671323,5479
723,2022/07/07,6628396819,7397375644,121
724,2022/10/29,1184253956,5298380514,1736
725,2022/08/28,2098581142,9249787532,222
726,2023/01/30,3582642867,7047705501,3771
727,2022/04/26,8831462523,4361203093,3047
728,2023/01/12,7948396858,7808259123,7315
729,2023/02/24,4031894055,6248454698,263
730,2022/04/23,1215233250,3418134376,5610
731,2023/01/25,4228697070,6338756220,2855
732,2022/09/06,4697936381,7237340185,1137
733,2022/05/23,5205478873,5011948276,250
734,2023/03/06,3552050941,6691600825,2764
735,2022/05/31,2623700217,1016320331,9718
736,2022/10/14,2562744628,8938319384,3614
737,2022/05/11,4052444010,5148257336,798
738,2023/02/18,8386504990,7077497575,8184
739,2022/06/03,1698466673,6641677756,902
740,2022/10/25,9222409868,8117019341,7185
741,2022/05/30,6214168167,4107487566,4240
742,2022/07/09,2205591707,5698739882,7287
743,2022/04/29,6508718329,4435720774,2315
744,2023/02/13,6501091169,2701740647,8111
745,2022/06/22,3371414223,1793221684,4666
746,2022/05/05,8035008561,3859740697,3604
747,2022/05/28,2369163906,3286393321,1102
748,2022/06/17,9867079808,9097998512,7140
749,2022/09/25,5795520831,2814530461,2470
750,2022/04/25,7964957109,6756449915,9507
751,2023/01/28,3815344502,7563581656,7112
752,2023/01/29,3906558394,9139200954,4904
753,2022/03/25,3062391408,7146512840,8110
754,2022/07/02,8147147643,4049087049,6164
755,2022/11/30,8356485391,8764641662,9625
756,2022/09/27,7404190895,5206653306,4307
757,2022/11/06,3592717954,5502784865,9183
758,2022/12/22,7809518592,8383664275,2337
759,2023/03/08,4765426421,9891507473,5658
760,2022/08/19,1263132270,1441567516,8735
761,2022/12/23,7268553496,9764396328,8067
762,2022/04/21,2188523965,7178647386,4213
763,2023/01/29,8605925583,4409703710,8928
764,2022/07/18,4721284730,8637850081,6539
765,2022/12/04,2861970396,8593950909,2938
766,2022/04/03,7272970440,1342479648,9121
767,2022/06/24,4299171943,2677362639,1815
768,2022/12/23,8244902290,4557408702,7897
769,2022/08/12,5578568265,4857765537,6424
770,2022/11/19,6018825494,1599773901,4846
771,2022/07/15,3335677851,5707711150,344
772,2022/04/11,1278893343,9584393198,3267
773,2022/09/03,9098051253,7977881600,5847
774,2022/10/31,2589539872,3027823664,1916
775,2022/08/07,3239576212,9753382436,7098
776,2022/05/01,2198595897,7376588209,858
777,2023/03/22,9976632553,4817048898,4428
778,2022/10/06,8351468338,9446156093,9999
779,2022/09/14,5189676400,1154837083,2597
780,2022/11/04,4108920858,5499122142,8348
781,2022/10/28,9783177533,7065219355,6207
782,2022/06/02,7112824783,9663191421,3539
783,2022/08/14,5974771071,9613983666,8525
784,2022/06/01,4167406500,5057579034,965
785,2022/06/13,7917452209,6056164477,8021
786,2022/12/15,6394310415,9928822917,9342
787,2022/09/10,8501992839,4881036820,9238
788,2022/10/06,6343700658,5165123435,7084
789,2022/04/11,5355564972,7623818631,6394
790,2022/11/19,1544802313,6132481191,230
791,2022/06/19,3809382563,8392160613,9162
792,2022/05/19,4139853157,7801223082,9415
793,2022/10/27,5086120317,2406391436,2990
794,2022/10/20,5861611308,8565870663,1730
795,2022/07/03,2736941446,3035300534,4698
796,2022/03/30,1372618010,2375538082,1532
797,2022/05/29,1582978751,4138233163,7254
798,2022/04/14,5826231626,5299227121,9518
799,2022/07/07,7514729193,4744952306,1256
800,2022/09/07,1699131877,1915907777,3903
801,2022/04/03,5873663361,3087501676,9950
802,2022/09/02,9086567581,6718150672,7350
803,2022/11/21,4683147011,8358671260,3136
804,2023/02/13,2287679288,3927035548,7993
805,2022/12/25,5457723841,2707948349,8859
806,2023/03/05,7005881913,9901476531,2150
807,2022/04/01,4644385391,6395606071,8491
808,2022/11/04,8848349508,9012632215,2065
809,2022/06/28,8753311109,5837557973,5589
810,2022/10/12,5267971570,8418631225,2457
811,2022/05/13,4376640467,4458871335,5325
812,2022/12/08,8444002271,8829461231,6793
813,2023/01/12,9896975545,5047322913,4794
814,2023/01/05,5358185735,7947347550,368
815,2022/03/24,2593848135,2095509744,6476
816,2023/02/15,9405433840,8099728875,3674
817,2022/08/20,1453031895,5072879434,1314
818,2022/10/23,2506135764,5436966449,6825
819,2022/05/11,9752989563,9752860653,3659
820,2022/04/11,9595172763,4192240909,4164
821,2022/10/14,7084237883,1621779070,8485
822,2022/09/21,1391719289,1881223085,9641
823,2022/05/08,9077303237,7093226162,838
824,2022/11/27,9152530586,6404563749,8464
825,2022/04/27,9006579013,6516137029,5385
826,2022/12/02,9536893385,4736895148,4817
827,2022/08/09,7381054685,1917006979,6711
828,2022/12/26,8189092191,8602535803,2826
829,2022/11/13,1776980808,7656767723,6660
830,2022/05/09,9003949254,1457701480,2607
831,2022/04/11,8125817703,8223912164,6556
832,2022/04/01,4427422588,3279458230,9647
833,2022/09/25,4998907605,8845440453,9990
834,2022/06/22,6167565781,2368002878,5105
835,2022/08/10,2796710947,5365278691,5001
836,2023/03/03,5062458146,4708400115,3882
837,2022/09/26,7932497284,9491618776,9422
838,2022/09/24,4811912080,1092612283,1726
839,2023/01/04,7843730093,7273933475,2692
840,2022/11/11,7969712180,8474736646,8624
841,2022/08/11,7588122410,7369853413,5680
842,2023/02/05,1818472084,5812003136,8457
843,2022/11/04,8887020506,5075707691,7438
844,2022/11/07,2193299733,7422014756,6836
845,2022/04/03,3914022117,3541469883,7403
846,2022/09/27,5402957885,6741848069,1262
847,2022/12/11,1877230376,3669755316,794
848,2022/09/29,7622757788,9859936647,2333
849,2022/11/04,3546687469,1433978039,2286
850,2022/08/10,2061077963,5955513047,4253
851,2022/10/20,3334456286,8315023530,4352
852,2023/01/21,4793163820,3028100718,2779
853,2023/01/30,4279755587,1071836160,599
854,2022/09/17,7365176459,4028785805,7571
855,2022/05/04,1008708894,7414490943,9996
856,2023/02/01,6532583073,5796382885,8986
857,2022/06/29,8187932179,4572614340,9120
858,2022/07/20,6134685061,5744855756,3955
859,2022/04/27,3899254269,4162547696,9878
860,2022/07/22,8035583013,2603525803,2843
861,2023/03/17,9693303720,7658978618,2900
862,2022/06/21,8934127558,4295592073,8203
863,2022/11/17,1725014701,5139231269,7660
864,2023/03/21,4311570025,1148765263,9298
865,2022/11/23,7912457458,9968395652,5849
866,2022/06/04,1199099635,2997178319,674
867,2022/03/30,4675325026,5368775664,4545
868,2022/09/25,3223207433,6675961745,5407
869,2022/05/19,9177992201,1768468849,7226
870,2023/01/14,2789333055,4216005720,3920
871,2022/12/02,3441857785,6679578521,2918
872,2022/08/05,9186493095,3026995417,7813
873,2023/01/17,9127377113,7343891603,4545
874,2022/09/24,8499992978,5992800978,9552
875,2023/02/23,9173607500,7576291454,1658
876,2022/04/27,7565447776,9024822765,9176
877,2022/11/22,9834159114,2818132070,1742
878,2022/05/15,5113109029,8812654622,1910
879,2022/06/30,3482311651,2957929461,7306
880,2022/10/19,7071123265,2923840838,3055
881,2023/01/01,8442027634,6615662982,4823
882,2022/07/09,4801058311,4606302232,478
883,2022/11/26,1217655953,5136316997,286
884,2022/09/20,5996341813,7691732117,2043
885,2022/12/08,8505597059,7962321662,9439
886,2023/01/31,4073002544,6199336709,9388
887,2023/02/04,2982359212,8906564441,4936
888,2023/03/18,1098107724,2034551189,3042
889,2022/06/24,7579442737,4912143378,8748
890,2022/04/18,5771167958,1672808292,8656
891,2023/03/04,5403635116,1884959177,1247
892,2022/07/27,5195567847,2568726078,4842
893,2022/11/22,4077395220,7458171690,3745
894,2022/03/29,3037679566,9316291952,4675
895,2022/05/08,8641656664,6889381235,1588
896,2022/06/09,3078105908,1889325787,8909
897,2023/02/05,7719265028,1359030388,888
898,2023/02/10,6205435910,5085570305,423
899,2022/08/20,9346567156,4493600468,7237
900,2022/08/06,6798869302,3943128604,4770
901,2023/03/10,2789006813,9111345409,2256
902,2022/04/09,9369272327,9621792220,2430
903,2023/01/24,4275295592,6739909664,2014
904,2022/09/01,5417985577,9262175309,5544
905,2022/08/15,4554709342,8693738328,9473
906,2022/12/22,1884805609,7129321484,4071
907,2022/11/16,9812012427,3597424392,1323
908,2022/06/04,5254749601,5363600957,6784
909,2023/03/11,5405785287,4196938442,6334
910,2022/10/18,2036608942,6571180433,8129
911,2022/08/31,5383523361,1785663102,3959
912,2023/01/23,2224428560,6427191583,1084
913,2023/03/19,7298798064,3017825415,6882
914,2022/10/08,7469256306,2902690081,9199
915,2022/05/30,5678702785,5141655425,1743
916,2022/06/10,6383882249,9624049825,3423
917,2022/04/04,4417322085,9933655169,3032
918,2022/05/03,6868255672,6621469239,240
919,2023/03/21,7318020728,8423498248,1415
920,2022/11/13,9015992125,6716178255,3507
921,2022/07/29,8594854605,8765086735,906
922,2023/02/10,2276285260,5279774002,6983
923,2023/02/03,4029121316,3655521193,7861
924,2022/06/26,2572377919,5656989305,446
925,2022/03/26,5353013952,2985564791,9525
926,2023/01/23,3371306419,2426667263,7153
927,2022/11/05,3377976004,8059126587,6469
928,2023/03/05,9406235450,4878075525,5150
929,2022/06/25,1798931129,3092803160,4702
930,2022/12/14,9295617191,6781844071,6527
931,2023/01/04,7242764759,6112567464,1831
932,2022/06/25,8212728467,1211474908,1836
933,2022/10/01,7953895310,9763489681,5712
934,2022/10/12,3763780559,7556390495,9403
935,2022/10/24,6374413724,2915336821,1299
936,2023/01/07,6664068581,3596147434,7617
937,2022/04/09,2035753377,1502012129,1800
938,2023/02/20,8264168553,8429754138,5715
939,2022/08/21,4651641167,8366834146,4506
940,2023/03/04,3317217505,6494292872,4734
941,2022/06/08,5742089213,1745350119,8437
942,2023/01/25,3758176743,2833556928,1012
943,2022/11/17,4699158776,6338040469,6847
944,2022/10/09,1388187809,6176774642,9243
945,2022/09/09,1967500395,9545749107,1812
946,2022/07/31,3467079537,9606371397,8729
947,2023/03/04,2163288648,6379389523,494
948,2023/02/14,6357735280,5422880443,2129
949,2022/06/10,2221730517,7519866616,2458
950,2022/03/26,8547443033,7841070322,333
951,2023/01/13,7968570800,6964011712,5300
952,2022/08/09,6199627645,1027719380,9681
953,2022/05/05,6182934381,7039909970,5944
954,2022/11/29,9983100004,2116016724,2285
955,2022/09/07,3118138622,7409505218,1091
956,2022/10/03,2073461513,8093104700,5146
957,2023/01/28,2185793824,9054624827,1777
958,2022/07/13,3225079540,1284845186,9306
959,2022/04/22,7043525857,1003087048,6196
960,2022/07/14,7184854489,2534686755,2888
961,2022/12/22,8342817510,7696028382,2292
962,2023/03/08,3524768058,6705418055,2588
963,2022/05/24,8369779673,4352223516,4595
964,2022/07/08,6136176749,8934695872,7997
965,2022/12/16,2386041682,3511361040,2988
966,2022/05/18,9992469254,7901930142,4454
967,2022/07/22,6211198220,5254609259,1776
968,2023/03/07,5876599581,9826513038,9172
969,2022/09/26,9539027604,6872653788,8388
970,2023/03/21,7759481531,4044641524,289
971,2022/03/31,2442807502,8659601730,4030
972,2023/01/22,4852494386,9265096906,8678
973,2022/11/30,3275443417,3308406143,772
974,2022/07/31,3797793425,3034047691,5308
975,2023/03/15,9075336014,1626391784,9976
976,2022/08/28,5593114853,9708409095,2395
977,2022/04/09,4227679976,1533864116,471
978,2022/04/25,5684623096,3457926732,627
979,2022/06/01,1847460024,4356965887,7319
980,2022/11/29,8745842151,9636867056,338
981,2022/11/21,7949305528,4004376489,3895
982,2022/08/15,7224260871,4718127472,5153
983,2022/12/16,1171283327,3912762096,1150
984,2023/02/24,9334956909,1469968989,3807
985,2022/08/10,6328839301,5017264626,57
986,2022/04/07,9457516730,6426013130,7724
987,2022/05/24,7044382491,5983738793,4958
988,2023/02/10,8568261374,8197130359,2259
989,2022/11/27,2823518112,8409061244,7269
990,2022/06/14,4456212746,8803385325,1891
991,2022/08/26,1069757298,1834679414,3898
992,2023/03/12,3327007596,4539932008,6847
993,2022/10/15,7601826791,1772379667,3039
994,2022/06/03,5471463715,2097321684,1023
995,2023/03/08,5718750937,9052789110,7475
996,2022/06/02,4922143962,8019318822,3063
997,2022/09/03,5935353167,3317822750,4748
998,2022/05/30,2159772714,8191579983,7387
999,2022/08/09,9238518467,8558183607,1457
1000,2022/03/24,7803863566,6001792187,7939
